10.9.97.10,10.9.97.10,10.9.97.254
10.9.97.12,10.9.97.254
10.9.97.5,10.9.97.5,10.9.97.254
10.9.97.14,10.9.97.16
10.9.97.23,10.9.97.16,10.9.97.254,10.9.97.23
10.9.97.19,10.9.97.254
10.9.97.8,10.9.97.21
169.254.211.97,10.9.97.207
10.9.97.9,10.9.97.21,10.9.97.254
10.9.97.205,10.9.97.207
10.9.97.207,10.9.97.4
10.9.97.18,10.9.97.18,10.9.97.5,10.9.97.254
10.9.97.253,10.9.97.254
0.0.0.0,10.9.97.18,10.9.97.10,10.9.97.12,10.9.97.5,10.9.97.23
10.9.97.254,10.9.97.25,10.9.97.203,10.9.97.2
10.9.97.21,10.9.97.207
